Annee;Mois;Prix_Ble;Prix_Mais;Prix_Orge;Prix_Sarrasin;Prix_Seigle;Prix_Tournesol;Prix_Moutarde;Temperature;Pression;Pluviometrie;Prix_Petrole;Valeur_Euro;Inflation;Prix_Eau;Prix_Gaz;Prix_Electricite
1996;1;155,0;148,0;135,0;380,0;140,0;220,0;450,0;4,5;1016,2;58,2;18,2;1,28;2,0;2,15;15,2;22,1
1996;2;152,0;145,0;132,0;380,0;138,0;218,0;450,0;4,2;1015,4;54,1;18,9;1,29;2,0;2,15;15,1;21,8
1996;3;148,0;142,0;130,0;380,0;135,0;215,0;450,0;7,6;1014,1;38,6;20,3;1,28;2,3;2,15;15,1;20,5
1996;4;145,0;140,0;128,0;380,0;132,0;210,0;455,0;11,2;1012,8;42,1;21,2;1,24;2,3;2,15;15,4;19,4
1996;5;140,0;135,0;125,0;385,0;128,0;205,0;455,0;12,6;1015,2;78,4;19,5;1,23;2,4;2,15;15,4;18,2
1996;6;135,0;130,0;120,0;385,0;120,0;200,0;460,0;17,9;1016,5;32,5;18,8;1,23;2,3;2,15;15,4;18,1
1996;7;125,0;125,0;105,0;390,0;110,0;195,0;460,0;19,1;1017,1;62,1;19,7;1,26;2,3;2,15;15,8;18,5
1996;8;120,0;120,0;100,0;390,0;105,0;190,0;470,0;19,4;1016,2;74,8;20,5;1,27;1,6;2,15;15,8;18,8
1996;9;122,0;118,0;102,0;400,0;108,0;200,0;470,0;14,9;1016,8;56,4;23,2;1,26;1,6;2,15;15,8;19,5
1996;10;125,0;115,0;105,0;410,0;110,0;210,0;480,0;12,2;1014,5;48,9;24,5;1,25;1,8;2,15;16,2;20,2
1996;11;128,0;118,0;108,0;410,0;113,0;215,0;480,0;7,5;1013,2;92,5;23,1;1,27;1,6;2,15;16,2;21,4
1996;12;130,0;120,0;110,0;410,0;115,0;220,0;480,0;3,8;1018,1;84,1;23,5;1,25;1,7;2,15;16,2;22,8
1997;1;128,0;118,0;110,0;410,0;115,0;225,0;480,0;1,8;1022,1;14,5;23,4;1,21;1,7;2,22;16,5;23,2
1997;2;125,0;115,0;108,0;410,0;112,0;230,0;485,0;7,5;1018,4;62,4;20,8;1,17;1,7;2,22;16,5;22,5
1997;3;122,0;112,0;105,0;410,0;110,0;235,0;490,0;10,2;1020,5;22,8;19,1;1,16;1,1;2,22;16,5;21,4
1997;4;120,0;110,0;102,0;410,0;108,0;240,0;495,0;11,4;1014,2;38,4;17,6;1,14;1,0;2,22;16,8;20,1
1997;5;118,0;108,0;100,0;410,0;105,0;245,0;500,0;14,4;1015,1;72,1;19,0;1,14;0,9;2,22;16,8;19,5
1997;6;115,0;105,0;98,0;415,0;102,0;250,0;500,0;17,2;1016,3;88,6;18,1;1,14;1,0;2,22;16,8;19,2
1997;7;112,0;102,0;95,0;415,0;100,0;245,0;505,0;19,4;1016,8;64,2;18,4;1,09;1,1;2,22;17,1;19,4
1997;8;110,0;100,0;92,0;420,0;98,0;240,0;510,0;21,9;1015,9;75,1;18,5;1,08;1,5;2,22;17,1;19,8
1997;9;115,0;105,0;95,0;420,0;102,0;245,0;515,0;17,4;1018,2;32,4;18,6;1,11;1,3;2,22;17,1;20,5
1997;10;118,0;108,0;98,0;425,0;105,0;250,0;520,0;12,5;1016,4;55,8;19,5;1,11;1,0;2,22;17,4;21,4
1997;11;120,0;110,0;100,0;425,0;108,0;255,0;525,0;8,8;1014,2;88,2;18,9;1,12;1,3;2,22;17,4;22,1
1997;12;122,0;112,0;102,0;425,0;110,0;260,0;530,0;5,6;1017,5;74,5;16,8;1,11;1,1;2,22;17,4;23,5
1998;1;120,0;110,0;100,0;425,0;110,0;265,0;530,0;5,8;1018,5;55,4;15,1;1,09;0,5;2,3;17,2;23,8
1998;2;118,0;108,0;98,0;425,0;108,0;270,0;525,0;7,9;1024,2;28,6;14,1;1,08;0,7;2,3;17,2;23,1
1998;3;115,0;105,0;95,0;420,0;105,0;275,0;520,0;9,4;1017,3;42,1;13,1;1,08;0,8;2,3;17,2;22,4
1998;4;112,0;102,0;92,0;420,0;102,0;270,0;515,0;10,6;1011,5;94,2;13,5;1,09;1,0;2,3;16,8;21,2
1998;5;110,0;100,0;90,0;415,0;100,0;260,0;510,0;14,8;1015,4;52,8;14,4;1,11;1,0;2,3;16,8;20,1
1998;6;108,0;98,0;88,0;410,0;98,0;250,0;500,0;17,7;1015,8;48,1;12,0;1,1;1,0;2,3;16,8;19,8
1998;7;105,0;95,0;85,0;400,0;95,0;240,0;490,0;19,3;1017,2;38,4;12,1;1,1;0,8;2,3;16,4;19,5
1998;8;102,0;92,0;82,0;400,0;92,0;230,0;480,0;20,4;1016,5;42,6;12,2;1,1;0,6;2,3;16,4;19,9
1998;9;105,0;95,0;85,0;405,0;95,0;220,0;485,0;16,8;1016,9;88,2;13,1;1,17;0,5;2,3;16,4;21,2
1998;10;108,0;98,0;88,0;410,0;98,0;210,0;490,0;12,7;1012,8;112,4;13,0;1,18;0,4;2,3;16,0;22,4
1998;11;112,0;102,0;92,0;415,0;102,0;205,0;500,0;6,3;1014,7;52,1;11,5;1,17;0,2;2,3;16,0;23,5
1998;12;115,0;105,0;95,0;420,0;105,0;200,0;510,0;5,5;1019,2;48,7;10,4;1,17;0,3;2,3;16,0;24,1
1999;1;112,0;102,0;92,0;420,0;102,0;195,0;510,0;5,3;1019,8;72,4;11,2;1,16;0,4;2,38;15,8;24,5
1999;2;110,0;100,0;90,0;420,0;100,0;190,0;510,0;4,1;1020,1;68,2;10,3;1,12;0,3;2,38;15,8;23,8
1999;3;108,0;98,0;88,0;425,0;98,0;185,0;515,0;9,3;1017,4;44,1;12,5;1,09;0,5;2,38;15,8;22,1
1999;4;105,0;95,0;85,0;425,0;95,0;180,0;520,0;11,9;1013,2;78,5;15,3;1,07;0,6;2,38;16,2;20,8
1999;5;102,0;92,0;82,0;430,0;92,0;175,0;525,0;16,1;1014,8;62,1;15,6;1,06;0,4;2,38;16,2;19,8
1999;6;100,0;90,0;80,0;430,0;90,0;170,0;530,0;17,9;1017,2;38,4;15,9;1,04;0,4;2,38;16,2;19,5
1999;7;98,0;88,0;78,0;435,0;88,0;165,0;535,0;20,8;1017,9;42,1;18,3;1,03;0,4;2,38;16,8;19,2
1999;8;95,0;85,0;75,0;435,0;85,0;160,0;540,0;20,3;1016,8;55,6;20,1;1,05;0,5;2,38;16,8;19,6
1999;9;100,0;90,0;80,0;440,0;92,0;170,0;550,0;18,9;1016,2;68,4;22,8;1,05;0,6;2,38;16,8;20,8
1999;10;105,0;95,0;85,0;445,0;98,0;180,0;560,0;13,3;1015,1;88,1;22,1;1,07;0,8;2,38;17,5;22,1
1999;11;110,0;100,0;90,0;450,0;105,0;190,0;570,0;7,7;1014,2;52,4;24,6;1,03;1,0;2,38;17,5;23,8
1999;12;115,0;105,0;95,0;455,0;110,0;200,0;580,0;5,3;1012,4;112,5;25,6;1,01;1,3;2,38;17,5;24,8
2000;1;118,0;108,0;98,0;455,0;112,0;205,0;585,0;4,8;1021,4;42,8;25,6;1,01;1,6;2,45;18,2;25,2
2000;2;120,0;110,0;100,0;455,0;115,0;210,0;590,0;7,3;1020,2;55,4;27,9;0,98;1,5;2,45;18,2;24,5
2000;3;122,0;112,0;102,0;455,0;118,0;215,0;595,0;9,4;1018,1;48,2;27,5;0,96;1,6;2,45;18,2;23,8
2000;4;125,0;115,0;105,0;460,0;120,0;220,0;600,0;10,9;1010,5;112,4;22,8;0,94;1,3;2,45;19,5;22,4
2000;5;128,0;118,0;108,0;460,0;122,0;225,0;610,0;16,1;1015,3;74,1;27,9;0,9;1,5;2,45;19,5;21,5
2000;6;130,0;120,0;110,0;465,0;125,0;230,0;620,0;18,7;1018,4;42,6;30,5;0,95;1,7;2,45;19,5;21,1
2000;7;125,0;115,0;105,0;465,0;118,0;220,0;610,0;18,5;1015,8;88,2;28,5;0,94;1,8;2,45;21,2;20,8
2000;8;120,0;110,0;100,0;470,0;112,0;210,0;600,0;20,4;1016,2;52,4;30,2;0,9;1,8;2,45;21,2;21,2
2000;9;125,0;115,0;105,0;470,0;118,0;220,0;610,0;17,3;1016,7;58,1;33,1;0,87;2,2;2,45;21,2;22,5
2000;10;130,0;120,0;110,0;480,0;125,0;230,0;620,0;13,1;1011,8;124,5;31,2;0,85;1,8;2,45;23,4;23,8
2000;11;135,0;125,0;115,0;480,0;130,0;240,0;630,0;8,9;1012,4;118,2;32,5;0,86;2,2;2,45;23,4;25,1
2000;12;138,0;128,0;118,0;480,0;135,0;250,0;640,0;6,6;1014,6;84,6;25,3;0,9;1,6;2,45;23,4;26,4
2001;1;140,0;125,0;120,0;480,0;135,0;255,0;640,0;5,6;1017,8;88,4;25,8;0,94;1,3;2,52;24,5;28,5
2001;2;142,0;128,0;122,0;480,0;138,0;260,0;635,0;6,6;1016,5;72,1;27,5;0,92;1,3;2,52;24,5;29,2
2001;3;145,0;130,0;125,0;475,0;140,0;265,0;630,0;10,0;1011,2;118,5;24,6;0,91;1,3;2,52;24,5;27,4
2001;4;148,0;132,0;128,0;470,0;142,0;270,0;625,0;10,5;1012,4;84,2;25,6;0,89;1,8;2,52;24,0;26,5
2001;5;150,0;135,0;130,0;465,0;145,0;275,0;620,0;15,9;1016,1;52,4;28,4;0,87;2,3;2,52;24,0;25,2
2001;6;145,0;130,0;125,0;460,0;135,0;265,0;610,0;17,5;1017,5;48,1;27,5;0,86;2,1;2,52;24,0;24,8
2001;7;135,0;125,0;115,0;455,0;125,0;250,0;600,0;19,4;1016,9;74,2;24,8;0,87;2,1;2,52;23,2;24,1
2001;8;125,0;115,0;105,0;450,0;115,0;240,0;590,0;20,2;1016,4;58,6;25,6;0,89;1,9;2,52;23,2;24,5
2001;9;128,0;118,0;108,0;450,0;118,0;250,0;600,0;14,9;1014,8;72,1;25,9;0,91;1,5;2,52;23,2;26,2
2001;10;132,0;122,0;112,0;455,0;122,0;260,0;610,0;15,4;1013,2;68,4;20,7;0,9;1,8;2,52;22,1;28,1
2001;11;135,0;125,0;115,0;460,0;125,0;270,0;620,0;7,8;1015,4;52,4;18,8;0,89;1,2;2,52;22,1;30,2
2001;12;138,0;128,0;118,0;460,0;130,0;280,0;630,0;3,6;1021,5;42,1;18,6;0,89;1,4;2,52;22,1;32,5
2002;1;135,0;128,0;115,0;460,0;128,0;285,0;635,0;5,7;1020,2;52,4;19,4;0,89;2,2;2,61;21,5;34,2
2002;2;132,0;125,0;112,0;460,0;125,0;280,0;640,0;8,0;1018,7;88,1;20,2;0,87;2,2;2,61;21,5;33,1
2002;3;130,0;122,0;110,0;465,0;122,0;275,0;650,0;10,1;1017,2;42,6;23,7;0,87;2,2;2,61;21,5;32,4
2002;4;128,0;120,0;108,0;470,0;120,0;270,0;660,0;11,9;1013,8;52,1;25,6;0,88;2,0;2,61;21,8;30,8
2002;5;125,0;118,0;105,0;470,0;118,0;265,0;670,0;14,4;1014,2;78,4;25,1;0,92;1,4;2,61;21,8;28,2
2002;6;120,0;115,0;100,0;475,0;112,0;255,0;680,0;19,0;1017,1;55,2;24,2;0,96;1,5;2,61;21,8;27,5
2002;7;115,0;110,0;95,0;480,0;105,0;245,0;690,0;19,3;1016,5;62,1;25,7;0,99;1,6;2,61;22,4;27,1
2002;8;112,0;105,0;92,0;480,0;102,0;240,0;700,0;19,8;1017,2;74,8;26,6;0,98;1,8;2,61;22,4;27,8
2002;9;115,0;108,0;95,0;485,0;105,0;250,0;710,0;16,4;1018,4;48,2;28,3;0,98;1,8;2,61;22,4;30,5
2002;10;118,0;112,0;98,0;490,0;108,0;260,0;720,0;12,9;1015,3;88,6;27,6;0,98;1,9;2,61;23,1;33,2
2002;11;122,0;115,0;102,0;490,0;112,0;270,0;730,0;10,0;1016,8;92,4;24,2;1,0;2,1;2,61;23,1;35,4
2002;12;125,0;118,0;105,0;495,0;115,0;280,0;740,0;7,4;1019,1;82,1;28,3;1,02;2,3;2,61;23,1;38,1
2003;1;128,0;120,0;108,0;500,0;120,0;285,0;750,0;3,9;1018,9;68,4;31,2;1,06;2,0;2,7;24,2;42,1
2003;2;132,0;125,0;112,0;505,0;125,0;290,0;760,0;4,1;1021,4;52,1;32,7;1,08;2,6;2,7;24,2;44,5
2003;3;135,0;128,0;115,0;510,0;130,0;300,0;780,0;9,9;1021,2;28,4;30,2;1,08;2,6;2,7;24,2;41,2
2003;4;140,0;132,0;120,0;515,0;135,0;310,0;800,0;11,8;1014,5;52,6;24,6;1,08;1,8;2,7;24,8;38,5
2003;5;145,0;135,0;125,0;520,0;140,0;320,0;820,0;15,3;1014,8;68,1;25,6;1,15;1,8;2,7;24,8;35,2
2003;6;155,0;145,0;135,0;530,0;150,0;330,0;850,0;22,2;1017,9;32,4;27,5;1,17;1,9;2,7;24,8;34,8
2003;7;175,0;165,0;155,0;550,0;170,0;350,0;900,0;21,5;1016,4;48,2;28,4;1,15;1,9;2,7;23,5;48,2
2003;8;195,0;185,0;175,0;580,0;190,0;380,0;950,0;24,0;1017,1;35,4;29,8;1,13;1,9;2,7;23,5;55,4
2003;9;190,0;180,0;170,0;570,0;185,0;370,0;930,0;17,5;1018,5;42,1;27,1;1,12;2,1;2,7;23,5;42,1
2003;10;185,0;175,0;165,0;560,0;180,0;360,0;910,0;11,2;1014,2;74,8;29,6;1,17;2,2;2,7;24,1;40,8
2003;11;180,0;170,0;160,0;550,0;175,0;350,0;890,0;9,3;1014,8;62,4;28,8;1,17;2,3;2,7;24,1;42,5
2003;12;175,0;165,0;155,0;545,0;170,0;340,0;870,0;5,6;1017,3;55,8;29,8;1,23;2,2;2,7;24,1;45,1
2004;1;170,0;160,0;150,0;540,0;165,0;330,0;860,0;5,2;1017,4;72,1;31,2;1,26;2,3;2,8;24,5;38,2
2004;2;165,0;155,0;145,0;535,0;160,0;320,0;850,0;5,7;1016,8;58,4;30,8;1,26;1,8;2,8;24,5;37,1
2004;3;160,0;150,0;140,0;530,0;155,0;310,0;840,0;7,6;1015,9;42,6;33,7;1,23;1,7;2,8;24,5;35,4
2004;4;155,0;145,0;135,0;525,0;150,0;300,0;830,0;11,7;1013,4;62,1;33,4;1,2;2,1;2,8;24,8;33,2
2004;5;150,0;140,0;130,0;520,0;145,0;290,0;820,0;13,7;1015,7;55,4;37,7;1,2;2,4;2,8;24,8;32,1
2004;6;140,0;130,0;120,0;510,0;135,0;280,0;800,0;18,6;1018,2;38,2;35,2;1,21;2,4;2,8;24,8;31,8
2004;7;130,0;120,0;110,0;500,0;125,0;260,0;780,0;19,2;1016,8;52,4;38,2;1,23;2,3;2,8;25,4;32,4
2004;8;125,0;115,0;105,0;495,0;115,0;250,0;760,0;20,4;1015,4;88,1;43,1;1,22;2,3;2,8;25,4;32,8
2004;9;123,0;112,0;103,0;495,0;112,0;245,0;750,0;17,6;1018,1;32,4;43,0;1,22;2,1;2,8;25,4;34,1
2004;10;120,0;110,0;100,0;500,0;110,0;240,0;740,0;14,0;1014,7;94,2;49,7;1,25;2,1;2,8;26,8;36,5
2004;11;123,0;112,0;103,0;505,0;112,0;250,0;750,0;7,3;1016,2;48,6;44,1;1,3;2,0;2,8;26,8;38,2
2004;12;127,0;115,0;107,0;510,0;115,0;260,0;760,0;4,9;1022,4;52,1;39,6;1,34;2,1;2,8;26,8;40,4
2005;1;125,0;112,0;105,0;515,0;112,0;265,0;770,0;3,7;1023,1;38,2;44,2;1,31;1,6;2,9;27,5;42,5
2005;2;123,0;110,0;103,0;515,0;110,0;270,0;780,0;3,3;1019,5;42,1;45,4;1,3;1,6;2,9;27,5;45,8
2005;3;120,0;108,0;100,0;510,0;108,0;275,0;790,0;8,2;1016,4;32,4;53,1;1,32;1,9;2,9;27,5;48,2
2005;4;123,0;112,0;103,0;515,0;110,0;280,0;800,0;11,5;1014,2;68,4;51,8;1,29;1,8;2,9;29,2;46,1
2005;5;127,0;115,0;107,0;520,0;115,0;290,0;810,0;15,2;1016,8;52,1;48,6;1,27;1,7;2,9;29,2;44,2
2005;6;130,0;118,0;110,0;525,0;118,0;300,0;820,0;20,2;1017,4;38,4;54,4;1,22;1,7;2,9;29,2;45,8
2005;7;127,0;115,0;107,0;520,0;115,0;295,0;810,0;20,5;1016,2;42,1;57,5;1,2;1,7;2,9;31,5;48,1
2005;8;123,0;110,0;103,0;515,0;110,0;285,0;800,0;19,1;1016,8;52,4;64,0;1,22;2,0;2,9;31,5;44,5
2005;9;130,0;115,0;110,0;525,0;115,0;300,0;820,0;18,0;1017,5;48,6;62,9;1,22;2,2;2,9;31,5;49,2
2005;10;133,0;118,0;113,0;530,0;120,0;310,0;840,0;14,8;1015,2;32,1;58,5;1,2;1,8;2,9;34,2;55,4
2005;11;137,0;122,0;117,0;535,0;125,0;320,0;860,0;7,2;1018,4;55,4;55,2;1,18;1,6;2,9;34,2;58,1
2005;12;140,0;125,0;120,0;540,0;130,0;330,0;880,0;3,4;1020,1;58,2;56,8;1,19;1,5;2,9;34,2;62,4
2006;1;143,0;128,0;123,0;540,0;135,0;340,0;890,0;2,7;1015,2;42,1;63,2;1,21;2,0;3,01;36,1;65,2
2006;2;147,0;132,0;127,0;545,0;140,0;350,0;900,0;4,5;1017,8;38,4;60,2;1,19;2,0;3,01;36,1;68,4
2006;3;150,0;135,0;130,0;550,0;145,0;360,0;920,0;7,7;1014,9;88,2;62,2;1,2;1,7;3,01;36,1;62,1
2006;4;155,0;140,0;135,0;555,0;150,0;370,0;940,0;11,5;1015,4;42,1;70,3;1,23;1,7;3,01;35,4;55,4
2006;5;160,0;145,0;140,0;560,0;155,0;380,0;960,0;15,1;1015,1;74,8;70,1;1,28;2,0;3,01;35,4;48,2
2006;6;170,0;155,0;150,0;570,0;165,0;395,0;980,0;20,1;1018,7;28,4;68,8;1,26;1,9;3,01;35,4;45,1
2006;7;180,0;165,0;160,0;580,0;175,0;410,0;1000,0;24,1;1017,9;32,1;74,3;1,27;1,9;3,01;34,2;44,8
2006;8;190,0;175,0;170,0;590,0;185,0;425,0;1050,0;18,3;1014,2;84,2;73,1;1,28;1,9;3,01;34,2;43,2
2006;9;200,0;185,0;180,0;600,0;195,0;440,0;1100,0;18,9;1017,8;52,1;62,1;1,27;1,2;3,01;34,2;42,1
2006;10;210,0;195,0;190,0;610,0;205,0;460,0;1150,0;15,2;1016,4;68,4;57,8;1,26;1,2;3,01;33,5;45,8
2006;11;220,0;205,0;200,0;620,0;215,0;480,0;1200,0;10,3;1017,2;72,1;58,9;1,29;1,4;3,01;33,5;48,2
2006;12;230,0;215,0;210,0;630,0;225,0;500,0;1250,0;5,4;1024,1;62,4;62,3;1,32;1,5;3,01;33,5;52,1
2007;1;235,0;220,0;215,0;640,0;230,0;510,0;1270,0;7,5;1020,4;58,2;54,2;1,3;1,2;3,12;32,8;48,2
2007;2;245,0;230,0;225,0;650,0;240,0;520,0;1300,0;8,0;1016,2;72,1;58,2;1,31;1,0;3,12;32,8;45,1
2007;3;260,0;240,0;240,0;660,0;255,0;540,0;1350,0;8,9;1018,5;84,6;62,2;1,32;1,1;3,12;32,8;42,4
2007;4;275,0;250,0;255,0;675,0;270,0;570,0;1400,0;15,0;1019,2;12,4;67,5;1,35;1,3;3,12;33,2;38,2
2007;5;270,0;245,0;250,0;670,0;265,0;560,0;1380,0;15,2;1014,5;88,2;67,4;1,35;1,1;3,12;33,2;35,1
2007;6;280,0;255,0;260,0;680,0;275,0;580,0;1350,0;18,1;1016,8;74,1;71,1;1,34;1,2;3,12;33,2;34,8
2007;7;295,0;270,0;275,0;700,0;290,0;600,0;1300,0;18,7;1014,2;82,4;77,0;1,37;1,1;3,12;34,5;36,2
2007;8;315,0;290,0;295,0;750,0;310,0;650,0;1250,0;18,7;1015,7;78,1;70,7;1,36;1,3;3,12;34,5;38,4
2007;9;305,0;280,0;285,0;740,0;300,0;630,0;1220,0;15,7;1017,4;52,4;77,2;1,39;1,5;3,12;34,5;42,1
2007;10;295,0;270,0;275,0;720,0;290,0;610,0;1200,0;12,0;1017,1;38,2;82,5;1,42;2,0;3,12;36,8;48,2
2007;11;290,0;265,0;270,0;700,0;285,0;590,0;1180,0;6,7;1016,4;42,1;92,4;1,47;2,4;3,12;36,8;55,4
2007;12;275,0;250,0;255,0;680,0;270,0;570,0;1150,0;4,6;1023,8;68,4;91,2;1,46;2,6;3,12;36,8;62,1
2008;1;265,0;245,0;245,0;670,0;260,0;550,0;1130,0;6,5;1021,2;74,8;92,1;1,47;2,8;3,25;38,2;68,4
2008;2;255,0;235,0;235,0;660,0;250,0;530,0;1100,0;7,1;1022,5;42,1;94,6;1,48;2,8;3,25;38,2;72,1
2008;3;245,0;225,0;225,0;650,0;240,0;510,0;1050,0;8,4;1012,4;88,2;103,5;1,55;3,2;3,25;38,2;75,8
2008;4;235,0;215,0;215,0;640,0;230,0;480,0;1000,0;10,1;1013,8;82,4;109,1;1,58;3,0;3,25;40,5;78,2
2008;5;225,0;205,0;205,0;630,0;220,0;450,0;950,0;15,5;1014,2;74,1;122,8;1,56;3,3;3,25;40,5;82,1
2008;6;205,0;185,0;185,0;610,0;200,0;400,0;850,0;18,1;1016,7;52,1;132,3;1,56;3,6;3,25;40,5;88,4
2008;7;185,0;165,0;165,0;580,0;180,0;350,0;750,0;19,5;1016,2;58,4;132,7;1,58;3,6;3,25;44,2;92,1
2008;8;175,0;155,0;155,0;560,0;170,0;320,0;700,0;19,5;1016,1;62,1;113,1;1,5;3,2;3,25;44,2;85,4
2008;9;170,0;150,0;150,0;540,0;165,0;300,0;650,0;15,5;1018,2;48,2;99,2;1,44;3,0;3,25;44,2;82,1
2008;10;160,0;140,0;140,0;520,0;155,0;270,0;600,0;12,3;1014,5;72,4;72,8;1,33;2,7;3,25;48,1;78,4
2008;11;150,0;130,0;130,0;500,0;145,0;250,0;580,0;7,5;1015,4;68,1;54,4;1,27;1,6;3,25;48,1;65,2
2008;12;140,0;120,0;120,0;490,0;135,0;230,0;550,0;3,3;1018,7;55,4;43,2;1,34;1,0;3,25;48,1;55,1
2009;1;145,0;125,0;125,0;500,0;135,0;240,0;570,0;1,8;1015,8;62,1;44,5;1,32;0,7;3,35;45,2;52,4
2009;2;150,0;130,0;130,0;505,0;140,0;255,0;600,0;4,8;1014,2;55,4;43,3;1,28;1,0;3,35;45,2;48,2
2009;3;155,0;135,0;135,0;510,0;145,0;270,0;630,0;8,8;1016,7;42,1;46,5;1,31;0,6;3,35;45,2;42,1
2009;4;153,0;133,0;133,0;515,0;143,0;265,0;640,0;12,7;1015,1;68,2;50,1;1,32;0,1;3,35;38,4;38,4
2009;5;150,0;130,0;130,0;520,0;140,0;260,0;650,0;16,3;1015,9;52,4;57,3;1,36;-0,3;3,35;38,4;35,1
2009;6;145,0;125,0;125,0;515,0;135,0;255,0;640,0;18,6;1017,2;58,1;68,3;1,4;-0,5;3,35;38,4;32,4
2009;7;140,0;120,0;120,0;510,0;130,0;250,0;630,0;20,3;1016,4;52,4;64,3;1,41;-0,7;3,35;32,1;34,8
2009;8;135,0;115,0;115,0;505,0;125,0;245,0;620,0;21,5;1017,5;38,2;72,5;1,43;-0,2;3,35;32,1;35,2
2009;9;140,0;120,0;120,0;510,0;130,0;260,0;640,0;17,4;1018,9;32,1;67,5;1,46;-0,4;3,35;32,1;38,1
2009;10;145,0;125,0;125,0;520,0;135,0;275,0;660,0;13,5;1015,4;52,4;72,8;1,48;-0,2;3,35;30,5;42,1
2009;11;150,0;130,0;130,0;525,0;140,0;290,0;680,0;9,7;1012,1;94,2;76,4;1,49;0,4;3,35;30,5;45,8
2009;12;155,0;135,0;135,0;530,0;145,0;310,0;700,0;3,9;1011,5;74,8;74,5;1,46;0,9;3,35;30,5;48,2
2010;1;160,0;140,0;140,0;535,0;150,0;320,0;720,0;1,4;1012,4;52,4;76,2;1,43;1,1;3,42;31,2;50,1
2010;2;165,0;145,0;145,0;540,0;155,0;330,0;740,0;4,2;1010,5;58,1;73,5;1,37;1,3;3,42;31,2;52,4
2010;3;170,0;150,0;150,0;545,0;160,0;345,0;760,0;8,3;1017,8;42,1;78,8;1,36;1,6;3,42;31,2;48,2
2010;4;175,0;155,0;155,0;555,0;165,0;360,0;780,0;11,7;1016,2;38,4;84,1;1,34;1,7;3,42;32,5;45,1
2010;5;185,0;165,0;165,0;570,0;175,0;380,0;820,0;13,4;1013,8;72,1;75,8;1,26;1,6;3,42;32,5;42,1
2010;6;205,0;185,0;185,0;590,0;195,0;410,0;880,0;18,6;1017,1;62,4;75,3;1,22;1,5;3,42;32,5;40,8
2010;7;225,0;205,0;205,0;610,0;215,0;450,0;950,0;21,7;1015,4;48,2;75,1;1,28;1,7;3,42;34,1;42,4
2010;8;245,0;225,0;225,0;630,0;235,0;500,0;1050,0;19,4;1016,2;52,1;77,0;1,29;1,4;3,42;34,1;43,1
2010;9;255,0;235,0;235,0;645,0;245,0;530,0;1100,0;16,3;1017,9;55,4;77,8;1,31;1,4;3,42;34,1;45,8
2010;10;265,0;245,0;245,0;660,0;255,0;560,0;1150,0;12,0;1014,1;68,1;82,5;1,39;1,5;3,42;35,8;48,2
2010;11;270,0;250,0;250,0;670,0;260,0;580,0;1180,0;6,5;1010,8;88,4;85,5;1,37;1,6;3,42;35,8;52,4
2010;12;275,0;255,0;255,0;675,0;265,0;600,0;1200,0;0,6;1011,2;72,1;91,5;1,32;1,8;3,42;35,8;58,1
2011;1;280,0;260,0;260,0;680,0;270,0;610,0;1220,0;3,8;1018,2;32,1;96,5;1,34;1,8;3,5;37,2;55,4
2011;2;285,0;265,0;265,0;685,0;275,0;620,0;1240,0;6,7;1017,4;38,4;103,7;1,36;1,7;3,5;37,2;54,1
2011;3;270,0;250,0;250,0;670,0;260,0;590,0;1200,0;10,1;1020,1;22,1;114,5;1,4;2,0;3,5;37,2;52,8
2011;4;255,0;235,0;235,0;660,0;245,0;560,0;1150,0;14,8;1017,5;15,4;123,1;1,44;2,1;3,5;39,5;50,1
2011;5;245,0;225,0;225,0;650,0;235,0;530,0;1100,0;17,6;1016,2;28,2;114,5;1,43;2,0;3,5;39,5;48,2
2011;6;235,0;215,0;215,0;640,0;225,0;500,0;1050,0;17,8;1015,4;62,4;113,8;1,44;2,1;3,5;39,5;47,1
2011;7;225,0;205,0;205,0;630,0;215,0;470,0;1000,0;18,1;1013,8;88,1;116,5;1,43;1,9;3,5;41,2;46,2
2011;8;220,0;200,0;200,0;625,0;210,0;450,0;980,0;20,2;1015,1;68,4;110,1;1,43;2,2;3,5;41,2;46,8
2011;9;230,0;210,0;210,0;635,0;220,0;470,0;1000,0;18,3;1017,2;42,1;112,8;1,38;2,2;3,5;41,2;48,5
2011;10;240,0;220,0;220,0;645,0;230,0;490,0;1030,0;13,3;1016,8;48,2;108,7;1,37;2,3;3,5;43,5;52,1
2011;11;250,0;230,0;230,0;655,0;240,0;510,0;1060,0;9,6;1018,9;55,4;110,5;1,35;2,5;3,5;43,5;55,4
2011;12;255,0;235,0;235,0;660,0;245,0;530,0;1100,0;7,4;1022,5;94,2;107,7;1,32;2,5;3,5;43,5;58,2
2012;1;260,0;240,0;240,0;665,0;250,0;540,0;1120,0;5,5;1022,1;48,2;111,2;1,29;2,3;3,62;44,8;52,1
2012;2;265,0;245,0;245,0;670,0;255,0;555,0;1150,0;1,0;1021,4;15,4;119,1;1,32;2,3;3,62;44,8;75,4
2012;3;270,0;250,0;250,0;675,0;260,0;570,0;1180,0;11,1;1021,8;22,1;124,5;1,32;2,3;3,62;44,8;55,8
2012;4;275,0;255,0;255,0;685,0;265,0;590,0;1220,0;10,5;1010,2;112,4;119,8;1,32;2,1;3,62;45,2;48,2
2012;5;285,0;265,0;265,0;695,0;275,0;610,0;1260,0;15,0;1015,4;74,1;110,3;1,28;2,0;3,62;45,2;45,1
2012;6;295,0;275,0;275,0;710,0;285,0;630,0;1300,0;18,1;1015,1;78,2;95,2;1,25;1,9;3,62;45,2;42,4
2012;7;305,0;285,0;285,0;730,0;295,0;650,0;1350,0;19,1;1015,9;72,1;102,7;1,23;1,9;3,62;46,1;44,1
2012;8;315,0;295,0;295,0;750,0;305,0;680,0;1400,0;21,5;1017,2;42,1;113,1;1,24;2,1;3,62;46,1;45,8
2012;9;300,0;280,0;280,0;730,0;290,0;640,0;1350,0;16,7;1018,4;48,6;113,0;1,29;1,9;3,62;46,1;48,2
2012;10;285,0;265,0;265,0;710,0;275,0;610,0;1300,0;13,4;1013,2;92,4;111,5;1,3;1,7;3,62;47,5;52,1
2012;11;280,0;260,0;260,0;700,0;270,0;580,0;1250,0;8,5;1014,5;88,1;109,1;1,28;1,4;3,62;47,5;58,4
2012;12;275,0;255,0;255,0;690,0;265,0;560,0;1200,0;6,1;1015,8;102,4;109,2;1,31;1,3;3,62;47,5;62,1
2013;1;270,0;250,0;250,0;695,0;260,0;550,0;1180,0;3,3;1016,7;72,1;112,3;1,33;1,2;3,75;48,2;58,2
2013;2;265,0;245,0;245,0;690,0;255,0;530,0;1150,0;2,5;1018,9;52,4;116,1;1,34;1,0;3,75;48,2;55,1
2013;3;260,0;240,0;240,0;685,0;250,0;510,0;1120,0;6,4;1011,5;68,1;108,5;1,3;1,0;3,75;48,2;52,4
2013;4;245,0;225,0;225,0;675,0;235,0;480,0;1080,0;10,9;1014,2;55,4;102,3;1,3;0,7;3,75;47,8;48,2
2013;5;235,0;215,0;215,0;665,0;225,0;460,0;1040,0;12,1;1012,1;102,1;102,5;1,3;0,8;3,75;47,8;42,1
2013;6;225,0;205,0;205,0;655,0;215,0;440,0;1000,0;17,1;1017,5;52,4;103,0;1,32;0,9;3,75;47,8;40,8
2013;7;215,0;195,0;195,0;645,0;205,0;420,0;960,0;21,8;1018,2;32,1;107,4;1,31;1,1;3,75;46,5;38,4
2013;8;210,0;190,0;190,0;640,0;200,0;410,0;940,0;20,3;1017,1;42,1;110,4;1,33;0,9;3,75;46,5;39,1
2013;9;205,0;185,0;185,0;635,0;195,0;400,0;920,0;17,3;1017,8;55,4;111,6;1,33;0,9;3,75;46,5;42,4
2013;10;200,0;180,0;180,0;630,0;190,0;390,0;900,0;14,1;1013,5;112,4;109,4;1,36;0,6;3,75;45,2;45,8
2013;11;205,0;185,0;185,0;635,0;195,0;400,0;920,0;7,4;1015,2;94,2;107,8;1,35;0,7;3,75;45,2;48,2
2013;12;210,0;190,0;190,0;640,0;200,0;410,0;950,0;5,5;1021,4;52,1;110,7;1,37;0,7;3,75;45,2;50,1
2014;1;215,0;195,0;185,0;645,0;205,0;415,0;960,0;7,5;1012,5;112,4;107,5;1,36;0,6;3,82;44,8;48,2
2014;2;220,0;200,0;190,0;650,0;210,0;420,0;970,0;7,8;1008,4;118,2;108,8;1,37;0,9;3,82;44,8;45,1
2014;3;225,0;205,0;195,0;655,0;215,0;430,0;980,0;9,8;1019,2;32,1;107,4;1,38;0,6;3,82;44,8;42,4
2014;4;220,0;200,0;190,0;650,0;210,0;425,0;970,0;12,8;1015,1;42,1;107,7;1,38;0,7;3,82;43,5;38,2
2014;5;215,0;195,0;185,0;645,0;205,0;420,0;960,0;14,4;1015,8;55,4;109,2;1,37;0,7;3,82;43,5;35,1
2014;6;210,0;190,0;180,0;640,0;200,0;410,0;940,0;19,1;1018,1;48,2;111,8;1,36;0,5;3,82;43,5;32,8
2014;7;200,0;180,0;170,0;630,0;190,0;400,0;920,0;19,6;1014,2;88,1;106,8;1,35;0,5;3,82;42,1;34,2
2014;8;195,0;175,0;165,0;625,0;185,0;390,0;900,0;18,6;1014,8;74,2;101,6;1,33;0,4;3,82;42,1;35,1
2014;9;190,0;170,0;160,0;620,0;180,0;380,0;880,0;18,9;1019,5;22,1;97,1;1,29;0,3;3,82;42,1;38,4
2014;10;185,0;165,0;155,0;615,0;175,0;370,0;860,0;15,7;1015,2;72,4;87,4;1,27;0,5;3,82;40,8;42,1
2014;11;190,0;170,0;160,0;620,0;180,0;380,0;880,0;11,1;1014,1;112,1;79,2;1,25;0,3;3,82;40,8;45,8
2014;12;195,0;175,0;165,0;625,0;185,0;390,0;900,0;5,7;1020,2;55,4;62,3;1,23;0,1;3,82;40,8;48,2
2015;1;200,0;180,0;160,0;630,0;190,0;400,0;910,0;4,7;1020,1;74,1;49,8;1,16;-0,4;3,88;39,2;45,1
2015;2;205,0;185,0;165,0;635,0;195,0;410,0;920,0;4,5;1017,5;52,4;58,1;1,14;-0,3;3,88;39,2;42,4
2015;3;210,0;190,0;170,0;640,0;200,0;420,0;930,0;8,7;1018,4;48,2;55,9;1,08;-0,1;3,88;39,2;40,1
2015;4;205,0;185,0;165,0;645,0;195,0;415,0;925,0;12,8;1016,2;52,1;59,4;1,08;0,1;3,88;38,1;38,2
2015;5;200,0;180,0;160,0;640,0;190,0;410,0;920,0;15,2;1016,8;58,4;64,1;1,11;0,3;3,88;38,1;35,4
2015;6;195,0;175,0;155,0;635,0;185,0;405,0;910,0;19,8;1017,4;32,1;61,3;1,12;0,3;3,88;38,1;32,1
2015;7;190,0;170,0;150,0;630,0;180,0;400,0;900,0;21,9;1016,5;28,4;56,5;1,1;0,2;3,88;37,4;33,8
2015;8;185,0;165,0;145,0;625,0;175,0;395,0;890,0;21,4;1015,2;82,1;48,2;1,11;0,2;3,88;37,4;34,2
2015;9;180,0;160,0;140,0;620,0;170,0;390,0;880,0;15,8;1017,1;52,4;48,4;1,12;0,0;3,88;37,4;36,1
2015;10;185,0;165,0;145,0;630,0;175,0;400,0;900,0;12,1;1016,2;48,2;49,3;1,12;0,1;3,88;36,5;38,4
2015;11;190,0;170,0;150,0;640,0;180,0;410,0;920,0;10,6;1019,4;42,1;45,8;1,07;0,0;3,88;36,5;42,1
2015;12;195,0;175,0;155,0;650,0;185,0;420,0;940,0;9,5;1025,2;12,4;38,9;1,09;0,2;3,88;36,5;45,2
2016;1;190,0;170,0;150,0;655,0;180,0;425,0;950,0;6,6;1014,2;88,2;31,9;1,09;0,2;3,92;35,2;38,4
2016;2;185,0;165,0;145,0;650,0;175,0;420,0;940,0;7,0;1012,1;84,1;33,5;1,1;-0,2;3,92;34,1;35,1
2016;3;180,0;160,0;140,0;645,0;170,0;415,0;930,0;7,9;1015,8;62,4;39,8;1,11;-0,1;3,92;33,2;32,4
2016;4;175,0;155,0;135,0;640,0;165,0;410,0;920,0;11,4;1013,5;74,8;43,3;1,13;-0,2;3,92;32,5;28,2
2016;5;170,0;150,0;130,0;635,0;160,0;405,0;910,0;14,5;1014,2;92,1;47,6;1,13;0,0;3,92;32,5;26,5
2016;6;165,0;145,0;125,0;630,0;155,0;400,0;900,0;18,1;1014,8;88,4;49,8;1,12;0,2;3,92;32,5;28,1
2016;7;170,0;150,0;130,0;635,0;160,0;410,0;920,0;20,6;1017,5;32,1;46,5;1,11;0,2;3,92;31,8;30,2
2016;8;175,0;155,0;135,0;640,0;165,0;420,0;940,0;21,2;1017,9;22,4;47,1;1,12;0,2;3,92;31,8;32,4
2016;9;180,0;160,0;140,0;650,0;170,0;430,0;960,0;19,0;1017,2;48,2;47,2;1,12;0,4;3,92;31,8;38,1
2016;10;185,0;165,0;145,0;660,0;175,0;440,0;980,0;12,3;1020,1;32,1;51,4;1,1;0,4;3,92;32,4;55,4
2016;11;190,0;170,0;150,0;670,0;180,0;450,0;1000,0;8,2;1014,5;82,4;47,1;1,08;0,5;3,92;33,5;62,1
2016;12;195,0;175,0;155,0;680,0;185,0;460,0;1050,0;4,6;1024,8;15,4;54,9;1,05;0,6;3,92;34,8;65,4
2017;1;200,0;180,0;160,0;685,0;190,0;465,0;1060,0;1,8;1025,1;28,4;55,5;1,06;1,3;3,96;35,5;58,2
2017;2;195,0;175,0;155,0;680,0;185,0;460,0;1050,0;8,0;1016,8;52,1;56,0;1,06;1,2;3,96;36,2;55,1
2017;3;190,0;170,0;150,0;675,0;180,0;455,0;1040,0;10,9;1015,2;74,8;52,5;1,07;1,1;3,96;36,8;45,2
2017;4;185,0;165,0;145,0;670,0;175,0;450,0;1030,0;11,7;1019,4;15,4;53,8;1,07;1,2;3,96;35,4;38,4
2017;5;180,0;160,0;140,0;665,0;170,0;445,0;1020,0;16,5;1016,2;52,1;51,4;1,1;0,8;3,96;34,2;35,1
2017;6;175,0;155,0;135,0;660,0;165,0;440,0;1000,0;21,2;1017,1;42,1;47,4;1,12;0,7;3,96;34,2;34,2
2017;7;180,0;160,0;140,0;665,0;170,0;445,0;1020,0;20,7;1016,4;52,4;49,2;1,15;0,7;3,96;33,8;36,1
2017;8;185,0;165,0;145,0;675,0;175,0;450,0;1040,0;21,2;1016,8;48,2;51,9;1,18;0,9;3,96;34,5;38,2
2017;9;190,0;170,0;150,0;685,0;180,0;460,0;1060,0;15,9;1015,1;74,1;55,5;1,19;1,0;3,96;35,1;42,1
2017;10;195,0;175,0;155,0;695,0;185,0;470,0;1080,0;14,4;1019,8;22,4;57,6;1,18;1,1;3,96;36,4;48,2
2017;11;200,0;180,0;160,0;705,0;190,0;480,0;1100,0;7,9;1018,2;78,2;62,9;1,17;1,2;3,96;38,2;55,4
2017;12;205,0;185,0;165,0;715,0;195,0;490,0;1120,0;5,7;1014,5;88,1;64,1;1,18;1,2;3,96;39,5;58,1
2018;1;210,0;190,0;170,0;720,0;200,0;495,0;1130,0;8,4;1013,2;118,2;69,1;1,22;1,3;4,02;40,2;52,4
2018;2;215,0;195,0;175,0;725,0;205,0;500,0;1140,0;2,7;1021,4;52,4;65,7;1,23;1,2;4,02;41,5;55,8
2018;3;220,0;200,0;180,0;730,0;210,0;505,0;1150,0;8,4;1012,5;88,2;66,7;1,23;1,6;4,02;42,1;50,1
2018;4;225,0;205,0;185,0;735,0;215,0;510,0;1160,0;13,8;1013,8;74,1;71,8;1,23;1,6;4,02;39,8;45,2
2018;5;230,0;210,0;190,0;740,0;220,0;515,0;1180,0;16,3;1014,1;72,1;77,0;1,18;2,0;4,02;38,5;42,1
2018;6;235,0;215,0;195,0;750,0;225,0;520,0;1200,0;19,6;1017,2;68,4;75,9;1,17;2,0;4,02;38,5;44,5
2018;7;240,0;220,0;200,0;760,0;230,0;525,0;1250,0;23,1;1017,9;32,1;74,4;1,17;2,3;4,02;39,2;48,2
2018;8;250,0;230,0;210,0;780,0;240,0;535,0;1300,0;22,1;1016,4;42,6;73,8;1,15;2,3;4,02;40,4;52,1
2018;9;245,0;225,0;205,0;770,0;235,0;520,0;1280,0;19,0;1019,1;28,4;79,1;1,17;2,2;4,02;42,8;58,4
2018;10;240,0;220,0;200,0;760,0;230,0;505,0;1260,0;14,4;1015,4;74,1;80,6;1,15;2,2;4,02;44,1;65,2
2018;11;235,0;215,0;195,0;750,0;225,0;495,0;1240,0;9,2;1014,8;72,4;65,9;1,14;1,9;4,02;43,5;62,1
2018;12;230,0;210,0;190,0;740,0;220,0;485,0;1220,0;7,2;1016,2;82,1;57,4;1,14;1,6;4,02;42,2;58,2
2019;1;225,0;205,0;185,0;745,0;215,0;480,0;1200,0;3,8;1021,5;55,4;60,2;1,14;1,2;4,08;41,5;55,1
2019;2;220,0;200,0;180,0;740,0;210,0;475,0;1180,0;8,0;1023,1;32,1;64,4;1,13;1,3;4,08;40,2;52,4
2019;3;215,0;195,0;175,0;735,0;205,0;470,0;1160,0;10,1;1019,4;52,4;67,0;1,13;1,1;4,08;38,8;48,2
2019;4;210,0;190,0;170,0;730,0;200,0;465,0;1140,0;11,8;1012,4;48,2;71,2;1,12;1,3;4,08;36,4;42,1
2019;5;205,0;185,0;165,0;725,0;195,0;460,0;1120,0;13,4;1015,8;55,1;70,3;1,12;0,9;4,08;34,2;38,4
2019;6;200,0;180,0;160,0;720,0;190,0;455,0;1100,0;20,1;1015,1;62,4;63,0;1,13;1,2;4,08;32,1;32,1
2019;7;195,0;175,0;155,0;715,0;185,0;450,0;1080,0;23,0;1016,2;22,1;64,2;1,12;1,1;4,08;30,5;34,2
2019;8;190,0;170,0;150,0;710,0;180,0;445,0;1060,0;21,4;1016,8;42,1;59,5;1,11;1,0;4,08;30,8;35,8
2019;9;195,0;175,0;155,0;715,0;185,0;455,0;1080,0;18,0;1018,4;52,4;62,8;1,1;0,9;4,08;32,4;38,1
2019;10;200,0;180,0;160,0;725,0;190,0;465,0;1100,0;15,0;1012,5;112,1;59,7;1,1;0,8;4,08;33,5;42,1
2019;11;205,0;185,0;165,0;735,0;195,0;475,0;1120,0;8,6;1009,4;124,5;62,7;1,1;1,0;4,08;35,2;45,8
2019;12;210,0;190,0;170,0;745,0;200,0;485,0;1150,0;7,7;1015,4;118,2;67,3;1,11;1,5;4,08;36,8;48,2
2020;1;215,0;195,0;175,0;750,0;205,0;490,0;1160,0;7,1;1024,2;42,1;63,7;1,11;1,5;4,15;35,4;38,2
2020;2;220,0;200,0;180,0;755,0;210,0;495,0;1180,0;9,4;1018,2;74,8;55,5;1,09;1,4;4,15;34,2;32,1
2020;3;225,0;205,0;185,0;765,0;215,0;485,0;1200,0;9,4;1016,5;62,4;32,0;1,11;0,7;4,15;30,1;25,4
2020;4;220,0;200,0;180,0;760,0;210,0;470,0;1180,0;14,1;1016,1;32,1;18,4;1,09;0,3;4,15;25,4;15,2
2020;5;215,0;195,0;175,0;755,0;205,0;465,0;1150,0;16,5;1017,2;48,2;32,4;1,09;0,4;4,15;22,8;18,4
2020;6;210,0;190,0;170,0;750,0;200,0;475,0;1120,0;18,7;1014,5;72,1;40,3;1,12;0,2;4,15;21,5;22,1
2020;7;220,0;200,0;180,0;760,0;210,0;490,0;1150,0;21,6;1018,1;22,4;43,2;1,14;0,8;4,15;22,4;32,4
2020;8;230,0;210,0;190,0;780,0;220,0;520,0;1200,0;22,6;1015,8;42,1;44,7;1,18;0,2;4,15;24,8;35,1
2020;9;240,0;220,0;200,0;800,0;230,0;550,0;1250,0;19,0;1017,4;52,4;40,9;1,18;0,0;4,15;28,2;42,1
2020;10;250,0;230,0;210,0;820,0;240,0;580,0;1300,0;13,0;1011,2;118,2;40,2;1,18;0,0;4,15;31,5;45,8
2020;11;260,0;240,0;220,0;840,0;250,0;610,0;1400,0;10,4;1021,4;52,1;44,0;1,19;0,2;4,15;34,8;48,2
2020;12;270,0;250,0;230,0;850,0;260,0;640,0;1500,0;6,5;1013,2;112,4;50,0;1,22;0,0;4,15;38,2;52,1
2021;1;275,0;255,0;235,0;860,0;265,0;660,0;1550,0;4,4;1019,4;82,1;55,3;1,22;0,6;4,22;40,5;55,4
2021;2;280,0;260,0;240,0;870,0;270,0;680,0;1600,0;8,2;1017,1;62,4;62,3;1,21;0,6;4,22;42,8;52,1
2021;3;290,0;270,0;250,0;885,0;280,0;710,0;1700,0;9,0;1022,4;22,1;65,4;1,19;1,1;4,22;45,2;58,2
2021;4;300,0;280,0;260,0;900,0;290,0;740,0;1800,0;10,4;1014,8;38,2;64,8;1,2;1,2;4,22;48,1;62,4
2021;5;315,0;295,0;275,0;920,0;305,0;780,0;1950,0;13,6;1013,5;88,1;68,3;1,21;1,4;4,22;52,4;75,1
2021;6;330,0;310,0;290,0;940,0;320,0;820,0;2100,0;20,3;1016,2;74,2;73,2;1,21;1,5;4,22;65,8;88,4
2021;7;345,0;325,0;305,0;960,0;335,0;860,0;2300,0;19,8;1014,8;78,4;75,2;1,18;1,2;4,22;82,1;95,2
2021;8;365,0;345,0;325,0;980,0;355,0;910,0;2500,0;19,4;1017,5;42,1;70,7;1,18;1,9;4,22;95,4;115,4
2021;9;385,0;365,0;345,0;1010,0;375,0;970,0;2800,0;18,5;1017,1;48,2;74,5;1,18;2,2;4,22;115,2;165,2
2021;10;405,0;385,0;365,0;1050,0;395,0;1050,0;3100,0;13,3;1016,4;52,4;83,5;1,16;2,6;4,22;142,8;215,1
2021;11;425,0;405,0;385,0;1080,0;415,0;1150,0;3500,0;7,8;1020,1;32,1;81,1;1,14;2,8;4,22;128,4;245,8
2021;12;445,0;425,0;405,0;1100,0;435,0;1250,0;4000,0;6,6;1016,8;84,2;74,4;1,13;2,8;4,22;165,2;382,1
2022;1;455,0;435,0;415,0;1120,0;445,0;1300,0;4500,0;4,5;1022,4;32,1;86,5;1,13;2,9;4,35;185,4;452,1
2022;2;475,0;455,0;435,0;1150,0;465,0;1450,0;5000,0;8,2;1021,1;22,4;97,1;1,12;3,6;4,35;202,1;485,4
2022;3;500,0;480,0;460,0;1200,0;490,0;1650,0;6000,0;10,5;1018,4;38,2;117,3;1,1;4,5;4,35;245,8;545,2
2022;4;470,0;450,0;430,0;1180,0;460,0;1450,0;5500,0;12,1;1014,1;42,1;104,6;1,08;4,8;4,35;198,2;412,1
2022;5;450,0;430,0;410,0;1150,0;440,0;1300,0;5000,0;17,8;1017,8;18,4;113,3;1,06;5,2;4,35;185,4;385,4
2022;6;430,0;410,0;390,0;1120,0;420,0;1150,0;4500,0;21,2;1017,2;62,4;122,7;1,05;5,8;4,35;212,1;422,1
2022;7;400,0;380,0;360,0;1080,0;390,0;1000,0;4000,0;23,2;1019,5;9,6;111,9;1,02;6,1;4,35;285,4;615,2
2022;8;370,0;350,0;330,0;1050,0;360,0;850,0;3500,0;23,7;1016,8;32,1;100,5;1,01;5,9;4,35;315,2;852,1
2022;9;350,0;330,0;310,0;1020,0;340,0;750,0;3000,0;18,1;1014,5;55,4;89,8;0,99;5,6;4,35;242,1;425,1
2022;10;330,0;310,0;290,0;980,0;320,0;650,0;2500,0;17,2;1018,2;42,1;93,3;0,98;6,2;4,35;165,4;215,4
2022;11;310,0;290,0;270,0;950,0;300,0;580,0;2200,0;10,8;1015,4;74,8;91,1;1,02;6,2;4,35;112,8;185,2
2022;12;290,0;270,0;250,0;920,0;280,0;530,0;2000,0;5,7;1012,8;88,2;81,1;1,06;5,9;4,35;95,4;162,1
2023;1;280,0;260,0;240,0;910,0;270,0;510,0;1900,0;5,6;1020,5;52,4;82,5;1,08;6,0;4,58;88,2;145,2
2023;2;270,0;250,0;230,0;900,0;260,0;490,0;1800,0;6,0;1025,4;12,4;82,1;1,07;6,3;4,58;75,4;132,1
2023;3;260,0;240,0;220,0;890,0;250,0;470,0;1700,0;10,2;1012,1;88,1;78,4;1,07;5,7;4,58;62,1;115,4
2023;4;255,0;235,0;215,0;880,0;245,0;460,0;1650,0;11,9;1015,2;55,4;84,1;1,1;5,9;4,58;58,4;102,1
2023;5;250,0;230,0;210,0;870,0;240,0;450,0;1600,0;15,6;1016,4;52,1;75,5;1,09;5,1;4,58;52,1;92,4
2023;6;245,0;225,0;205,0;860,0;235,0;440,0;1550,0;21,5;1016,1;58,4;74,9;1,08;4,5;4,58;48,5;88,1
2023;7;240,0;220,0;200,0;850,0;230,0;430,0;1500,0;21,1;1015,8;42,1;80,1;1,11;4,3;4,58;45,2;85,2
2023;8;235,0;215,0;195,0;840,0;225,0;420,0;1450,0;22,0;1015,4;52,4;85,1;1,09;4,9;4,58;48,1;90,1
2023;9;240,0;220,0;200,0;850,0;230,0;430,0;1500,0;21,1;1017,2;55,4;92,6;1,07;4,9;4,58;52,4;95,4
2023;10;245,0;225,0;205,0;860,0;235,0;440,0;1550,0;16,4;1014,1;118,2;90,6;1,06;4,0;4,58;55,8;88,2
2023;11;250,0;230,0;210,0;870,0;240,0;450,0;1600,0;9,2;1011,2;128,4;82,0;1,08;3,5;4,58;52,4;82,1
2023;12;255,0;235,0;215,0;880,0;245,0;460,0;1650,0;7,1;1015,8;82,1;77,6;1,09;3,7;4,58;48,2;78,4
2024;1;260,0;240,0;220,0;885,0;250,0;455,0;1620,0;5,4;1016,4;68,4;80,1;1,09;3,1;4,72;45,2;75,2
2024;2;265,0;245,0;225,0;890,0;255,0;465,0;1640,0;9,5;1012,1;88,2;83,5;1,08;3,0;4,72;42,8;72,1
2024;3;270,0;250,0;230,0;895,0;260,0;475,0;1660,0;10,6;1011,4;102,4;85,4;1,09;2,3;4,72;40,1;68,4
2024;4;275,0;255,0;235,0;900,0;265,0;485,0;1680,0;12,4;1014,8;52,1;89,0;1,07;2,2;4,72;38,5;62,1
2024;5;280,0;260,0;240,0;905,0;270,0;495,0;1700,0;15,2;1015,2;88,4;83,2;1,08;2,3;4,72;39,2;55,4
2024;6;285,0;265,0;245,0;910,0;275,0;505,0;1720,0;18,0;1016,1;62,1;82,6;1,07;2,2;4,72;40,8;45,2
2024;7;275,0;255,0;235,0;905,0;265,0;490,0;1700,0;20,4;1016,4;52,4;85,3;1,08;2,3;4,72;42,1;48,1
2024;8;265,0;245,0;225,0;900,0;255,0;475,0;1680,0;21,8;1016,8;48,2;79,0;1,1;1,8;4,72;44,5;52,4
2024;9;255,0;235,0;215,0;895,0;245,0;460,0;1660,0;17,8;1015,4;74,1;73,1;1,11;1,1;4,72;45,8;55,8
2024;10;250,0;230,0;210,0;890,0;240,0;450,0;1640,0;15,1;1013,2;92,4;75,5;1,09;1,2;4,72;47,2;62,1
2024;11;255,0;235,0;215,0;895,0;245,0;460,0;1660,0;8,5;1016,1;78,2;73,2;1,08;1,3;4,72;48,5;68,4
2024;12;260,0;240,0;220,0;900,0;250,0;470,0;1680,0;6,4;1017,5;62,1;74,8;1,08;1,5;4,72;46,2;72,1
2025;1;265,0;245,0;225,0;905,0;255,0;475,0;1700,0;4,2;1018,2;55,2;76,5;1,07;1,6;4,85;45,5;74,5
2025;2;270,0;250,0;230,0;910,0;260,0;485,0;1720,0;6,8;1020,4;48,6;79,2;1,06;1,8;4,85;44,2;72,8
2025;3;275,0;255,0;235,0;915,0;265,0;495,0;1740,0;9,5;1017,1;52,1;82,1;1,08;2,0;4,85;43,8;70,1
2025;4;280,0;260,0;240,0;920,0;270,0;505,0;1760,0;11,8;1015,5;58,4;84,5;1,09;1,9;4,85;42,5;68,2
2025;5;285,0;265,0;245,0;925,0;275,0;515,0;1780,0;16,2;1016,2;62,1;81,2;1,1;1,8;4,85;42,1;65,4
2025;6;290,0;270,0;250,0;930,0;280,0;525,0;1800,0;20,5;1016,8;42,4;78,4;1,11;1,7;4,85;41,8;62,1
2025;7;285,0;265,0;245,0;925,0;275,0;510,0;1780,0;22,8;1017,4;38,2;79,1;1,1;1,9;4,85;42,5;63,5
2025;8;280,0;260,0;240,0;920,0;270,0;500,0;1760,0;22,1;1016,5;45,1;80,5;1,09;2,1;4,85;43,4;65,2
2025;9;275,0;255,0;235,0;915,0;265,0;490,0;1740,0;18,2;1016,9;52,4;82,3;1,08;2,2;4,85;44,8;68,1
2025;10;270,0;250,0;230,0;910,0;260,0;480,0;1720,0;14,5;1015,8;74,8;84,1;1,09;2,0;4,85;45,2;70,4
2025;11;275,0;255,0;235,0;915,0;265,0;490,0;1740,0;9,0;1017,1;82,1;83,5;1,07;1,9;4,85;46,1;72,5
2025;12;280,0;260,0;240,0;920,0;270,0;500,0;1760,0;6,0;1018,4;72,4;85,0;1,08;1,8;4,85;45,8;71,8
2026;1;285,0;265,0;245,0;925,0;275,0;510,0;1780,0;5,2;1019,1;65,4;82,4;1,09;1,9;4,95;45,1;72,4
2026;2;292,0;272,0;252,0;935,0;282,0;520,0;1820,0;7,8;1015,4;72,1;84,2;1,08;2,1;4,95;44,8;70,2
2026;3;298,0;278,0;258,0;945,0;288,0;535,0;1850,0;10,1;1012,8;84,5;87,1;1,09;2,3;4,95;43,5;68,1
2026;4;305,0;285,0;265,0;960,0;295,0;550,0;1880,0;13,4;1014,5;52,8;89,5;1,07;2,4;4,95;42,2;65,8